"database_id","drug_concept_id","drug","ingredient_concept_id","ingredient","n_records","n_patients","domain_id","vocabulary_id","concept_class_id","standard_concept","concept_code","valid_start_date","valid_end_date","invalid_reason","amount_value","amount_unit_concept_id","numerator_value","numerator_unit_concept_id","numerator_unit","denominator_value","denominator_unit_concept_id","denominator_unit","box_size","amount_unit","dose_form","result_obscured"
"mock",1127433,"acetaminophen 325 MG / Oxycodone Hydrochloride",1125315,"acetaminophen",13,11,"Drug","RxNorm","Clinical Drug","S","1049221",1970-01-01,2099-12-31,NA,300,9655,NA,NA,NA,NA,NA,NA,0,NA,"Oral Tablet",FALSE
"mock",40162522,"acetaminophen 325 MG Oral Tablet",1125315,"acetaminophen",18,15,"Drug","RxNorm","Clinical Drug","S","313782",1970-01-01,2099-12-31,NA,200,9655,NA,NA,NA,NA,NA,NA,0,NA,"Oral Tablet",FALSE
"mock",19133768,"acetaminophen 160 MG Oral Tablet",1125315,"acetaminophen",14,13,"Drug","RxNorm","Clinical Drug","S","282464",1970-01-01,2099-12-31,NA,300,9655,NA,NA,NA,NA,NA,NA,0,NA,"Oral Tablet",FALSE
"mock",40229134,"acetaminophen 21.7 MG/ML / Dextromethorphan",1125315,"acetaminophen",12,11,"Drug","RxNorm","Clinical Drug","S","1043400",1970-01-01,2099-12-31,NA,200,9655,NA,NA,NA,NA,NA,NA,0,NA,"Oral Tablet",FALSE
"mock",1127078,"acetaminophen 750 MG / Hydrocodone Bitartrate",1125315,"acetaminophen",19,13,"Drug","RxNorm","Clinical Drug","S","833036",1970-01-01,2099-12-31,NA,NA,NA,2,8576,NA,1,8576,NA,0,NA,"Oral Tablet",FALSE
"mock",40231925,"acetaminophen 325 MG / Hydrocodone Bitartrate",1125315,"acetaminophen",10,9,"Drug","RxNorm","Clinical Drug","S","857005",1970-01-01,2099-12-31,NA,300,9655,NA,NA,NA,NA,NA,NA,0,NA,"Oral Tablet",FALSE
