"database_id","ingredient_concept_id","ingredient","drug_concept_id","drug","drug_source_concept_id","drug_source","drug_source_value","n_records","n_sample","n_person","proportion_records","result_obscured"
"mock",1125315,"acetaminophen",1127078,"acetaminophen 750 MG / Hydrocodone Bitartrate",NA,NA,NA,NA,NA,NA,NA,TRUE
"mock",1125315,"acetaminophen",19133768,"acetaminophen 160 MG Oral Tablet",19133768,"acetaminophen 160 MG Oral Tablet","282464",8,86,8,0.0930232558139535,FALSE
"mock",1125315,"acetaminophen",40229134,"acetaminophen 21.7 MG/ML / Dextromethorphan",40229134,"acetaminophen 21.7 MG/ML / Dextromethorphan","1043400",5,86,5,0.0581395348837209,FALSE
"mock",1125315,"acetaminophen",1127078,"acetaminophen 750 MG / Hydrocodone Bitartrate",1127078,"acetaminophen 750 MG / Hydrocodone Bitartrate","857005",7,86,7,0.0813953488372093,FALSE
"mock",1125315,"acetaminophen",1127433,"acetaminophen 325 MG / Oxycodone Hydrochloride",NA,NA,NA,NA,NA,NA,NA,TRUE
"mock",1125315,"acetaminophen",40162522,"acetaminophen 325 MG Oral Tablet",40162522,"acetaminophen 325 MG Oral Tablet","857005",7,86,6,0.0813953488372093,FALSE
"mock",1125315,"acetaminophen",40162522,"acetaminophen 325 MG Oral Tablet",NA,NA,NA,NA,NA,NA,NA,TRUE
"mock",1125315,"acetaminophen",40231925,"acetaminophen 325 MG / Hydrocodone Bitartrate",NA,NA,NA,NA,NA,NA,NA,TRUE
"mock",1125315,"acetaminophen",40231925,"acetaminophen 325 MG / Hydrocodone Bitartrate",NA,NA,NA,NA,NA,NA,NA,TRUE
"mock",1125315,"acetaminophen",19133768,"acetaminophen 160 MG Oral Tablet",NA,NA,NA,NA,NA,NA,NA,TRUE
"mock",1125315,"acetaminophen",1127078,"acetaminophen 750 MG / Hydrocodone Bitartrate",NA,NA,NA,NA,NA,NA,NA,TRUE
"mock",1125315,"acetaminophen",40229134,"acetaminophen 21.7 MG/ML / Dextromethorphan",NA,NA,NA,NA,NA,NA,NA,TRUE
"mock",1125315,"acetaminophen",40229134,"acetaminophen 21.7 MG/ML / Dextromethorphan",NA,NA,NA,NA,NA,NA,NA,TRUE
"mock",1125315,"acetaminophen",1127433,"acetaminophen 325 MG / Oxycodone Hydrochloride",1127433,"acetaminophen 325 MG / Oxycodone Hydrochloride","1043400",5,86,5,0.0581395348837209,FALSE
"mock",1125315,"acetaminophen",40229134,"acetaminophen 21.7 MG/ML / Dextromethorphan",NA,NA,NA,NA,NA,NA,NA,TRUE
"mock",1125315,"acetaminophen",40162522,"acetaminophen 325 MG Oral Tablet",NA,NA,NA,NA,NA,NA,NA,TRUE
"mock",1125315,"acetaminophen",40231925,"acetaminophen 325 MG / Hydrocodone Bitartrate",NA,NA,NA,NA,NA,NA,NA,TRUE
"mock",1125315,"acetaminophen",19133768,"acetaminophen 160 MG Oral Tablet",NA,NA,NA,NA,NA,NA,NA,TRUE
"mock",1125315,"acetaminophen",1127078,"acetaminophen 750 MG / Hydrocodone Bitartrate",NA,NA,NA,NA,NA,NA,NA,TRUE
"mock",1125315,"acetaminophen",1127433,"acetaminophen 325 MG / Oxycodone Hydrochloride",NA,NA,NA,NA,NA,NA,NA,TRUE
"mock",1125315,"acetaminophen",1127433,"acetaminophen 325 MG / Oxycodone Hydrochloride",NA,NA,NA,NA,NA,NA,NA,TRUE
"mock",1125315,"acetaminophen",40231925,"acetaminophen 325 MG / Hydrocodone Bitartrate",NA,NA,NA,NA,NA,NA,NA,TRUE
"mock",1125315,"acetaminophen",40162522,"acetaminophen 325 MG Oral Tablet",40162522,"acetaminophen 325 MG Oral Tablet","1043400",6,86,6,0.0697674418604651,FALSE
