"database_id","result_id","cdm_name","group_name","group_level","strata_name","strata_level","variable_name","variable_level","estimate_name","estimate_type","estimate_value","additional_name","additional_level","pattern_name","ingredient","ingredient_concept_id"
"mock",1,"DEM","ingredient_name","acetaminophen","overall","overall","number records",NA,"count","integer","86","overall","overall","overall","acetaminophen",1125315
"mock",1,"DEM","ingredient_name","acetaminophen","overall","overall","Missing dose",NA,"count_missing","integer","0","overall","overall","overall","acetaminophen",1125315
"mock",1,"DEM","ingredient_name","acetaminophen","overall","overall","Missing dose",NA,"percentage_missing","percentage","0","overall","overall","overall","acetaminophen",1125315
"mock",1,"DEM","ingredient_name","acetaminophen","overall","overall","daily_dose",NA,"mean","numeric","0.888950201138774","overall","overall","overall","acetaminophen",1125315
"mock",1,"DEM","ingredient_name","acetaminophen","overall","overall","daily_dose",NA,"sd","numeric","2.87608665205926","overall","overall","overall","acetaminophen",1125315
"mock",1,"DEM","ingredient_name","acetaminophen","overall","overall","daily_dose",NA,"q05","numeric","0.00905242298684922","overall","overall","overall","acetaminophen",1125315
"mock",1,"DEM","ingredient_name","acetaminophen","overall","overall","daily_dose",NA,"q25","numeric","0.0273770491803279","overall","overall","overall","acetaminophen",1125315
"mock",1,"DEM","ingredient_name","acetaminophen","overall","overall","daily_dose",NA,"median","numeric","0.0946348733233979","overall","overall","overall","acetaminophen",1125315
"mock",1,"DEM","ingredient_name","acetaminophen","overall","overall","daily_dose",NA,"q75","numeric","0.299312533051296","overall","overall","overall","acetaminophen",1125315
"mock",1,"DEM","ingredient_name","acetaminophen","overall","overall","daily_dose",NA,"q95","numeric","2.85","overall","overall","overall","acetaminophen",1125315
"mock",1,"DEM","ingredient_name","acetaminophen","overall","overall","daily_dose",NA,"min","numeric","0.00645161290322581","overall","overall","overall","acetaminophen",1125315
"mock",1,"DEM","ingredient_name","acetaminophen","overall","overall","daily_dose",NA,"max","numeric","20","overall","overall","overall","acetaminophen",1125315
"mock",1,"DEM","ingredient_name","acetaminophen","unit","milligram","number records",NA,"count","integer","86","overall","overall","milligram","acetaminophen",1125315
"mock",1,"DEM","ingredient_name","acetaminophen","unit","milligram","Missing dose",NA,"count_missing","integer","0","overall","overall","milligram","acetaminophen",1125315
"mock",1,"DEM","ingredient_name","acetaminophen","unit","milligram","Missing dose",NA,"percentage_missing","percentage","0","overall","overall","milligram","acetaminophen",1125315
"mock",1,"DEM","ingredient_name","acetaminophen","unit","milligram","daily_dose",NA,"mean","numeric","0.888950201138774","overall","overall","milligram","acetaminophen",1125315
"mock",1,"DEM","ingredient_name","acetaminophen","unit","milligram","daily_dose",NA,"sd","numeric","2.87608665205926","overall","overall","milligram","acetaminophen",1125315
"mock",1,"DEM","ingredient_name","acetaminophen","unit","milligram","daily_dose",NA,"q05","numeric","0.00905242298684922","overall","overall","milligram","acetaminophen",1125315
"mock",1,"DEM","ingredient_name","acetaminophen","unit","milligram","daily_dose",NA,"q25","numeric","0.0273770491803279","overall","overall","milligram","acetaminophen",1125315
"mock",1,"DEM","ingredient_name","acetaminophen","unit","milligram","daily_dose",NA,"median","numeric","0.0946348733233979","overall","overall","milligram","acetaminophen",1125315
"mock",1,"DEM","ingredient_name","acetaminophen","unit","milligram","daily_dose",NA,"q75","numeric","0.299312533051296","overall","overall","milligram","acetaminophen",1125315
"mock",1,"DEM","ingredient_name","acetaminophen","unit","milligram","daily_dose",NA,"q95","numeric","2.85","overall","overall","milligram","acetaminophen",1125315
"mock",1,"DEM","ingredient_name","acetaminophen","unit","milligram","daily_dose",NA,"min","numeric","0.00645161290322581","overall","overall","milligram","acetaminophen",1125315
"mock",1,"DEM","ingredient_name","acetaminophen","unit","milligram","daily_dose",NA,"max","numeric","20","overall","overall","milligram","acetaminophen",1125315
"mock",1,"DEM","ingredient_name","acetaminophen","route &&& unit","oral &&& milligram","number records",NA,"count","integer","86","overall","overall","oral  milligram","acetaminophen",1125315
"mock",1,"DEM","ingredient_name","acetaminophen","route &&& unit","oral &&& milligram","Missing dose",NA,"count_missing","integer","0","overall","overall","oral  milligram","acetaminophen",1125315
"mock",1,"DEM","ingredient_name","acetaminophen","route &&& unit","oral &&& milligram","Missing dose",NA,"percentage_missing","percentage","0","overall","overall","oral  milligram","acetaminophen",1125315
"mock",1,"DEM","ingredient_name","acetaminophen","route &&& unit","oral &&& milligram","daily_dose",NA,"mean","numeric","0.888950201138774","overall","overall","oral  milligram","acetaminophen",1125315
"mock",1,"DEM","ingredient_name","acetaminophen","route &&& unit","oral &&& milligram","daily_dose",NA,"sd","numeric","2.87608665205926","overall","overall","oral  milligram","acetaminophen",1125315
"mock",1,"DEM","ingredient_name","acetaminophen","route &&& unit","oral &&& milligram","daily_dose",NA,"q05","numeric","0.00905242298684922","overall","overall","oral  milligram","acetaminophen",1125315
"mock",1,"DEM","ingredient_name","acetaminophen","route &&& unit","oral &&& milligram","daily_dose",NA,"q25","numeric","0.0273770491803279","overall","overall","oral  milligram","acetaminophen",1125315
"mock",1,"DEM","ingredient_name","acetaminophen","route &&& unit","oral &&& milligram","daily_dose",NA,"median","numeric","0.0946348733233979","overall","overall","oral  milligram","acetaminophen",1125315
"mock",1,"DEM","ingredient_name","acetaminophen","route &&& unit","oral &&& milligram","daily_dose",NA,"q75","numeric","0.299312533051296","overall","overall","oral  milligram","acetaminophen",1125315
"mock",1,"DEM","ingredient_name","acetaminophen","route &&& unit","oral &&& milligram","daily_dose",NA,"q95","numeric","2.85","overall","overall","oral  milligram","acetaminophen",1125315
"mock",1,"DEM","ingredient_name","acetaminophen","route &&& unit","oral &&& milligram","daily_dose",NA,"min","numeric","0.00645161290322581","overall","overall","oral  milligram","acetaminophen",1125315
"mock",1,"DEM","ingredient_name","acetaminophen","route &&& unit","oral &&& milligram","daily_dose",NA,"max","numeric","20","overall","overall","oral  milligram","acetaminophen",1125315
"mock",1,"DEM","ingredient_name","acetaminophen","unit &&& route &&& pattern_id","milligram &&& oral &&& 17","number records",NA,"count","integer","19","overall","overall","milligram  oral   milligram__milligram","acetaminophen",1125315
"mock",1,"DEM","ingredient_name","acetaminophen","unit &&& route &&& pattern_id","milligram &&& oral &&& 7","number records",NA,"count","integer","67","overall","overall","milligram  oral   fixed_amount_microgram","acetaminophen",1125315
"mock",1,"DEM","ingredient_name","acetaminophen","unit &&& route &&& pattern_id","milligram &&& oral &&& 17","Missing dose",NA,"count_missing","integer","0","overall","overall","milligram  oral   milligram__milligram","acetaminophen",1125315
"mock",1,"DEM","ingredient_name","acetaminophen","unit &&& route &&& pattern_id","milligram &&& oral &&& 7","Missing dose",NA,"count_missing","integer","0","overall","overall","milligram  oral   fixed_amount_microgram","acetaminophen",1125315
"mock",1,"DEM","ingredient_name","acetaminophen","unit &&& route &&& pattern_id","milligram &&& oral &&& 17","Missing dose",NA,"percentage_missing","percentage","0","overall","overall","milligram  oral   milligram__milligram","acetaminophen",1125315
"mock",1,"DEM","ingredient_name","acetaminophen","unit &&& route &&& pattern_id","milligram &&& oral &&& 7","Missing dose",NA,"percentage_missing","percentage","0","overall","overall","milligram  oral   fixed_amount_microgram","acetaminophen",1125315
"mock",1,"DEM","ingredient_name","acetaminophen","unit &&& route &&& pattern_id","milligram &&& oral &&& 17","daily_dose",NA,"mean","numeric","2.92991116377872","overall","overall","milligram  oral   milligram__milligram","acetaminophen",1125315
"mock",1,"DEM","ingredient_name","acetaminophen","unit &&& route &&& pattern_id","milligram &&& oral &&& 7","daily_dose",NA,"mean","numeric","0.310170226658788","overall","overall","milligram  oral   fixed_amount_microgram","acetaminophen",1125315
"mock",1,"DEM","ingredient_name","acetaminophen","unit &&& route &&& pattern_id","milligram &&& oral &&& 17","daily_dose",NA,"sd","numeric","5.6378076920841","overall","overall","milligram  oral   milligram__milligram","acetaminophen",1125315
"mock",1,"DEM","ingredient_name","acetaminophen","unit &&& route &&& pattern_id","milligram &&& oral &&& 7","daily_dose",NA,"sd","numeric","0.667339533969317","overall","overall","milligram  oral   fixed_amount_microgram","acetaminophen",1125315
"mock",1,"DEM","ingredient_name","acetaminophen","unit &&& route &&& pattern_id","milligram &&& oral &&& 17","daily_dose",NA,"q05","numeric","0.0602623183268345","overall","overall","milligram  oral   milligram__milligram","acetaminophen",1125315
"mock",1,"DEM","ingredient_name","acetaminophen","unit &&& route &&& pattern_id","milligram &&& oral &&& 7","daily_dose",NA,"q05","numeric","0.00879120879120879","overall","overall","milligram  oral   fixed_amount_microgram","acetaminophen",1125315
"mock",1,"DEM","ingredient_name","acetaminophen","unit &&& route &&& pattern_id","milligram &&& oral &&& 17","daily_dose",NA,"q25","numeric","0.213114754098361","overall","overall","milligram  oral   milligram__milligram","acetaminophen",1125315
"mock",1,"DEM","ingredient_name","acetaminophen","unit &&& route &&& pattern_id","milligram &&& oral &&& 7","daily_dose",NA,"q25","numeric","0.0206896551724138","overall","overall","milligram  oral   fixed_amount_microgram","acetaminophen",1125315
"mock",1,"DEM","ingredient_name","acetaminophen","unit &&& route &&& pattern_id","milligram &&& oral &&& 17","daily_dose",NA,"median","numeric","0.451612903225806","overall","overall","milligram  oral   milligram__milligram","acetaminophen",1125315
"mock",1,"DEM","ingredient_name","acetaminophen","unit &&& route &&& pattern_id","milligram &&& oral &&& 7","daily_dose",NA,"median","numeric","0.0545454545454545","overall","overall","milligram  oral   fixed_amount_microgram","acetaminophen",1125315
"mock",1,"DEM","ingredient_name","acetaminophen","unit &&& route &&& pattern_id","milligram &&& oral &&& 17","daily_dose",NA,"q75","numeric","0.854545454545454","overall","overall","milligram  oral   milligram__milligram","acetaminophen",1125315
"mock",1,"DEM","ingredient_name","acetaminophen","unit &&& route &&& pattern_id","milligram &&& oral &&& 7","daily_dose",NA,"q75","numeric","0.130681818181818","overall","overall","milligram  oral   fixed_amount_microgram","acetaminophen",1125315
"mock",1,"DEM","ingredient_name","acetaminophen","unit &&& route &&& pattern_id","milligram &&& oral &&& 17","daily_dose",NA,"q95","numeric","14.6","overall","overall","milligram  oral   milligram__milligram","acetaminophen",1125315
"mock",1,"DEM","ingredient_name","acetaminophen","unit &&& route &&& pattern_id","milligram &&& oral &&& 7","daily_dose",NA,"q95","numeric","1.94","overall","overall","milligram  oral   fixed_amount_microgram","acetaminophen",1125315
"mock",1,"DEM","ingredient_name","acetaminophen","unit &&& route &&& pattern_id","milligram &&& oral &&& 17","daily_dose",NA,"min","numeric","0.021978021978022","overall","overall","milligram  oral   milligram__milligram","acetaminophen",1125315
"mock",1,"DEM","ingredient_name","acetaminophen","unit &&& route &&& pattern_id","milligram &&& oral &&& 7","daily_dose",NA,"min","numeric","0.00645161290322581","overall","overall","milligram  oral   fixed_amount_microgram","acetaminophen",1125315
"mock",1,"DEM","ingredient_name","acetaminophen","unit &&& route &&& pattern_id","milligram &&& oral &&& 17","daily_dose",NA,"max","numeric","20","overall","overall","milligram  oral   milligram__milligram","acetaminophen",1125315
"mock",1,"DEM","ingredient_name","acetaminophen","unit &&& route &&& pattern_id","milligram &&& oral &&& 7","daily_dose",NA,"max","numeric","3","overall","overall","milligram  oral   fixed_amount_microgram","acetaminophen",1125315
