"database_id","drug_concept_id","drug","ingredient_concept_id","ingredient","n_records","n_sample","n_person","minimum_drug_exposure_quantity","q05_drug_exposure_quantity","q10_drug_exposure_quantity","q25_drug_exposure_quantity","median_drug_exposure_quantity","q75_drug_exposure_quantity","q90_drug_exposure_quantity","q95_drug_exposure_quantity","maximum_drug_exposure_quantity","result_obscured"
"mock",1127078,"acetaminophen 750 MG / Hydrocodone Bitartrate",1125315,"acetaminophen",19,86,13,1,1,1.8,3,5,7,7.6,10,10,FALSE
"mock",1127433,"acetaminophen 325 MG / Oxycodone Hydrochloride",1125315,"acetaminophen",13,86,11,1,2.2,3,4,4,6,9.2,10,10,FALSE
"mock",19133768,"acetaminophen 160 MG Oral Tablet",1125315,"acetaminophen",14,86,13,1,1.65,2.3,4,6,9.5,10,10,10,FALSE
"mock",40162522,"acetaminophen 325 MG Oral Tablet",1125315,"acetaminophen",18,86,15,1,2.7,3,4,6,8,9.3,10,10,FALSE
"mock",40229134,"acetaminophen 21.7 MG/ML / Dextromethorphan",1125315,"acetaminophen",12,86,11,1,1.55,2,2.75,4,5.25,8.7,9.45,10,FALSE
"mock",40231925,"acetaminophen 325 MG / Hydrocodone Bitartrate",1125315,"acetaminophen",10,86,9,2,2,2,3.25,5.5,7.75,8.2,9.1,10,FALSE
