"database_id","drug_concept_id","drug","ingredient_concept_id","ingredient","drug_type_concept_id","drug_type","n_records","n_sample","n_person","proportion_records","result_obscured"
"mock",40231925,"acetaminophen 325 MG / Hydrocodone Bitartrate",1125315,"acetaminophen",NA,NA,NA,NA,NA,NA,TRUE
"mock",19133768,"acetaminophen 160 MG Oral Tablet",1125315,"acetaminophen",38000177,"Prescription written",10,86,9,0.116279069767442,FALSE
"mock",1127433,"acetaminophen 325 MG / Oxycodone Hydrochloride",1125315,"acetaminophen",38000177,"Prescription written",5,86,5,0.0581395348837209,FALSE
"mock",40229134,"acetaminophen 21.7 MG/ML / Dextromethorphan",1125315,"acetaminophen",38000177,"Prescription written",8,86,7,0.0930232558139535,FALSE
"mock",40162522,"acetaminophen 325 MG Oral Tablet",1125315,"acetaminophen",38000177,"Prescription written",11,86,9,0.127906976744186,FALSE
"mock",1127078,"acetaminophen 750 MG / Hydrocodone Bitartrate",1125315,"acetaminophen",38000177,"Prescription written",11,86,9,0.127906976744186,FALSE
"mock",40229134,"acetaminophen 21.7 MG/ML / Dextromethorphan",1125315,"acetaminophen",NA,NA,NA,NA,NA,NA,TRUE
"mock",1127433,"acetaminophen 325 MG / Oxycodone Hydrochloride",1125315,"acetaminophen",32839,NA,8,86,7,0.0930232558139535,FALSE
"mock",40162522,"acetaminophen 325 MG Oral Tablet",1125315,"acetaminophen",32839,NA,7,86,7,0.0813953488372093,FALSE
"mock",1127078,"acetaminophen 750 MG / Hydrocodone Bitartrate",1125315,"acetaminophen",32839,NA,8,86,6,0.0930232558139535,FALSE
"mock",40231925,"acetaminophen 325 MG / Hydrocodone Bitartrate",1125315,"acetaminophen",32839,NA,5,86,5,0.0581395348837209,FALSE
"mock",19133768,"acetaminophen 160 MG Oral Tablet",1125315,"acetaminophen",NA,NA,NA,NA,NA,NA,TRUE
