"database_id","drug_concept_id","drug","ingredient_concept_id","ingredient","sig","n_records","n_sample","n_person","proportion_records","result_obscured"
"mock",40162522,"acetaminophen 325 MG Oral Tablet",1125315,"acetaminophen","TAKE 1 or 2 4 TIMES/DAY",8,86,8,0.0930232558139535,FALSE
"mock",1127078,"acetaminophen 750 MG / Hydrocodone Bitartrate",1125315,"acetaminophen","1-2 TABLETS UP TO FOUR TIMES DAILY",7,86,6,0.0813953488372093,FALSE
"mock",40162522,"acetaminophen 325 MG Oral Tablet",1125315,"acetaminophen",NA,NA,NA,NA,NA,TRUE
"mock",1127078,"acetaminophen 750 MG / Hydrocodone Bitartrate",1125315,"acetaminophen","TAKE 1 or 2 4 TIMES/DAY",9,86,6,0.104651162790698,FALSE
"mock",40231925,"acetaminophen 325 MG / Hydrocodone Bitartrate",1125315,"acetaminophen",NA,NA,NA,NA,NA,TRUE
"mock",40231925,"acetaminophen 325 MG / Hydrocodone Bitartrate",1125315,"acetaminophen","1-2 TABLETS UP TO FOUR TIMES DAILY",5,86,5,0.0581395348837209,FALSE
"mock",40162522,"acetaminophen 325 MG Oral Tablet",1125315,"acetaminophen","1 TO 2 TABLETS UP TO FOUR TIMES DAILY AS REQUIRED",5,86,5,0.0581395348837209,FALSE
"mock",1127078,"acetaminophen 750 MG / Hydrocodone Bitartrate",1125315,"acetaminophen",NA,NA,NA,NA,NA,TRUE
"mock",40231925,"acetaminophen 325 MG / Hydrocodone Bitartrate",1125315,"acetaminophen",NA,NA,NA,NA,NA,TRUE
"mock",19133768,"acetaminophen 160 MG Oral Tablet",1125315,"acetaminophen","TAKE 1 or 2 4 TIMES/DAY",6,86,6,0.0697674418604651,FALSE
"mock",1127433,"acetaminophen 325 MG / Oxycodone Hydrochloride",1125315,"acetaminophen",NA,NA,NA,NA,NA,TRUE
"mock",19133768,"acetaminophen 160 MG Oral Tablet",1125315,"acetaminophen",NA,NA,NA,NA,NA,TRUE
"mock",19133768,"acetaminophen 160 MG Oral Tablet",1125315,"acetaminophen",NA,NA,NA,NA,NA,TRUE
"mock",1127433,"acetaminophen 325 MG / Oxycodone Hydrochloride",1125315,"acetaminophen","TAKE 1 or 2 4 TIMES/DAY",5,86,5,0.0581395348837209,FALSE
"mock",1127433,"acetaminophen 325 MG / Oxycodone Hydrochloride",1125315,"acetaminophen",NA,NA,NA,NA,NA,TRUE
"mock",40229134,"acetaminophen 21.7 MG/ML / Dextromethorphan",1125315,"acetaminophen","1 TO 2 TABLETS UP TO FOUR TIMES DAILY AS REQUIRED",7,86,7,0.0813953488372093,FALSE
"mock",40229134,"acetaminophen 21.7 MG/ML / Dextromethorphan",1125315,"acetaminophen",NA,NA,NA,NA,NA,TRUE
"mock",40229134,"acetaminophen 21.7 MG/ML / Dextromethorphan",1125315,"acetaminophen",NA,NA,NA,NA,NA,TRUE
