"database_id","drug_concept_id","drug","ingredient_concept_id","ingredient","n_records","n_sample","n_person","minimum_drug_exposure_days_supply","q05_drug_exposure_days_supply","q10_drug_exposure_days_supply","q25_drug_exposure_days_supply","median_drug_exposure_days_supply","q75_drug_exposure_days_supply","q90_drug_exposure_days_supply","q95_drug_exposure_days_supply","maximum_drug_exposure_days_supply","n_different_days_supply_and_drug_dates","n_days_supply_match_drug_dates","n_missing_days_supply","proportion_different_days_supply_and_drug_dates","proportion_days_supply_match_drug_dates","proportion_missing_days_supply","result_obscured"
"mock",1127078,"acetaminophen 750 MG / Hydrocodone Bitartrate",1125315,"acetaminophen",19,86,13,0,0,0,14,28,45,60,62.9999999999999,90,0,19,0,0,1,0,FALSE
"mock",1127433,"acetaminophen 325 MG / Oxycodone Hydrochloride",1125315,"acetaminophen",13,86,11,0,0,1.4,7,28,30,84,90,90,0,13,0,0,1,0,FALSE
"mock",19133768,"acetaminophen 160 MG Oral Tablet",1125315,"acetaminophen",14,86,13,0,0,0,7,17.5,28,81,90,90,0,14,0,0,1,0,FALSE
"mock",40162522,"acetaminophen 325 MG Oral Tablet",1125315,"acetaminophen",18,86,15,0,0,0,8.75,28,60,90,90,90,0,18,0,0,1,0,FALSE
"mock",40229134,"acetaminophen 21.7 MG/ML / Dextromethorphan",1125315,"acetaminophen",12,86,11,0,3.85,7,7,10.5,60,87,90,90,0,12,0,0,1,0,FALSE
"mock",40231925,"acetaminophen 325 MG / Hydrocodone Bitartrate",1125315,"acetaminophen",10,86,9,0,3.15,6.3,17.5,28,29.5,60,60,60,0,10,0,0,1,0,FALSE
