"database_id","drug_concept_id","drug","ingredient_concept_id","ingredient","minimum_verbatim_end_date","maximum_verbatim_end_date","n_records","n_sample","n_person","n_missing_verbatim_end_date","n_not_missing_verbatim_end_date","n_verbatim_end_date_equal_to_drug_exposure_end_date","n_verbatim_end_date_and_drug_exposure_end_date_differ","proportion_missing_verbatim_end_date","proportion_not_missing_verbatim_end_date","proportion_verbatim_end_date_equal_to_drug_exposure_end_date","proportion_verbatim_end_date_and_drug_exposure_end_date_differ","result_obscured"
"mock",1127433,"acetaminophen 325 MG / Oxycodone Hydrochloride",1125315,"acetaminophen",11418,18147,13,86,11,0,13,13,0,0,0.151162790697674,0.151162790697674,0,FALSE
"mock",40229134,"acetaminophen 21.7 MG/ML / Dextromethorphan",1125315,"acetaminophen",11031,18172,12,86,11,0,12,12,0,0,0.13953488372093,0.13953488372093,0,FALSE
"mock",1127078,"acetaminophen 750 MG / Hydrocodone Bitartrate",1125315,"acetaminophen",11880,18311,19,86,13,0,19,19,0,0,0.22093023255814,0.22093023255814,0,FALSE
"mock",40162522,"acetaminophen 325 MG Oral Tablet",1125315,"acetaminophen",11520,17903,18,86,15,0,18,18,0,0,0.209302325581395,0.209302325581395,0,FALSE
"mock",40231925,"acetaminophen 325 MG / Hydrocodone Bitartrate",1125315,"acetaminophen",11293,15048,10,86,9,0,10,10,0,0,0.116279069767442,0.116279069767442,0,FALSE
"mock",19133768,"acetaminophen 160 MG Oral Tablet",1125315,"acetaminophen",11425,17835,14,86,13,0,14,14,0,0,0.162790697674419,0.162790697674419,0,FALSE
