"database_id","drug_concept_id","drug","ingredient_concept_id","ingredient","variable","n_records","n_sample","n_person","n_records_not_missing_value","n_records_missing_value","proportion_records_missing_value","result_obscured"
"mock",1127433,"acetaminophen 325 MG / Oxycodone Hydrochloride",1125315,"acetaminophen","n_missing_drug_exposure_id",13,86,11,13,0,0,FALSE
"mock",1127433,"acetaminophen 325 MG / Oxycodone Hydrochloride",1125315,"acetaminophen","n_missing_person_id",13,86,11,13,0,0,FALSE
"mock",1127433,"acetaminophen 325 MG / Oxycodone Hydrochloride",1125315,"acetaminophen","n_missing_drug_concept_id",13,86,11,13,0,0,FALSE
"mock",1127433,"acetaminophen 325 MG / Oxycodone Hydrochloride",1125315,"acetaminophen","n_missing_drug_exposure_start_date",13,86,11,13,0,0,FALSE
"mock",1127433,"acetaminophen 325 MG / Oxycodone Hydrochloride",1125315,"acetaminophen","n_missing_drug_exposure_end_date",13,86,11,13,0,0,FALSE
"mock",1127433,"acetaminophen 325 MG / Oxycodone Hydrochloride",1125315,"acetaminophen","n_missing_verbatim_end_date",13,86,11,13,0,0,FALSE
"mock",1127433,"acetaminophen 325 MG / Oxycodone Hydrochloride",1125315,"acetaminophen","n_missing_drug_type_concept_id",13,86,11,13,0,0,FALSE
"mock",1127433,"acetaminophen 325 MG / Oxycodone Hydrochloride",1125315,"acetaminophen","n_missing_quantity",13,86,11,13,0,0,FALSE
"mock",1127433,"acetaminophen 325 MG / Oxycodone Hydrochloride",1125315,"acetaminophen","n_missing_days_supply",13,86,11,13,0,0,FALSE
"mock",1127433,"acetaminophen 325 MG / Oxycodone Hydrochloride",1125315,"acetaminophen","n_missing_sig",13,86,11,13,0,0,FALSE
"mock",1127433,"acetaminophen 325 MG / Oxycodone Hydrochloride",1125315,"acetaminophen","n_missing_route_concept_id",13,86,11,13,0,0,FALSE
"mock",1127433,"acetaminophen 325 MG / Oxycodone Hydrochloride",1125315,"acetaminophen","n_missing_drug_source_value",13,86,11,13,0,0,FALSE
"mock",1127433,"acetaminophen 325 MG / Oxycodone Hydrochloride",1125315,"acetaminophen","n_missing_drug_source_concept_id",13,86,11,13,0,0,FALSE
"mock",1127433,"acetaminophen 325 MG / Oxycodone Hydrochloride",1125315,"acetaminophen","n_missing_route_source_value",13,86,11,0,13,1,FALSE
"mock",1127433,"acetaminophen 325 MG / Oxycodone Hydrochloride",1125315,"acetaminophen","n_missing_dose_unit_source_value",13,86,11,0,13,1,FALSE
"mock",40229134,"acetaminophen 21.7 MG/ML / Dextromethorphan",1125315,"acetaminophen","n_missing_drug_exposure_id",12,86,11,12,0,0,FALSE
"mock",40229134,"acetaminophen 21.7 MG/ML / Dextromethorphan",1125315,"acetaminophen","n_missing_person_id",12,86,11,12,0,0,FALSE
"mock",40229134,"acetaminophen 21.7 MG/ML / Dextromethorphan",1125315,"acetaminophen","n_missing_drug_concept_id",12,86,11,12,0,0,FALSE
"mock",40229134,"acetaminophen 21.7 MG/ML / Dextromethorphan",1125315,"acetaminophen","n_missing_drug_exposure_start_date",12,86,11,12,0,0,FALSE
"mock",40229134,"acetaminophen 21.7 MG/ML / Dextromethorphan",1125315,"acetaminophen","n_missing_drug_exposure_end_date",12,86,11,12,0,0,FALSE
"mock",40229134,"acetaminophen 21.7 MG/ML / Dextromethorphan",1125315,"acetaminophen","n_missing_verbatim_end_date",12,86,11,12,0,0,FALSE
"mock",40229134,"acetaminophen 21.7 MG/ML / Dextromethorphan",1125315,"acetaminophen","n_missing_drug_type_concept_id",12,86,11,12,0,0,FALSE
"mock",40229134,"acetaminophen 21.7 MG/ML / Dextromethorphan",1125315,"acetaminophen","n_missing_quantity",12,86,11,12,0,0,FALSE
"mock",40229134,"acetaminophen 21.7 MG/ML / Dextromethorphan",1125315,"acetaminophen","n_missing_days_supply",12,86,11,12,0,0,FALSE
"mock",40229134,"acetaminophen 21.7 MG/ML / Dextromethorphan",1125315,"acetaminophen","n_missing_sig",12,86,11,12,0,0,FALSE
"mock",40229134,"acetaminophen 21.7 MG/ML / Dextromethorphan",1125315,"acetaminophen","n_missing_route_concept_id",12,86,11,12,0,0,FALSE
"mock",40229134,"acetaminophen 21.7 MG/ML / Dextromethorphan",1125315,"acetaminophen","n_missing_drug_source_value",12,86,11,12,0,0,FALSE
"mock",40229134,"acetaminophen 21.7 MG/ML / Dextromethorphan",1125315,"acetaminophen","n_missing_drug_source_concept_id",12,86,11,12,0,0,FALSE
"mock",40229134,"acetaminophen 21.7 MG/ML / Dextromethorphan",1125315,"acetaminophen","n_missing_route_source_value",12,86,11,0,12,1,FALSE
"mock",40229134,"acetaminophen 21.7 MG/ML / Dextromethorphan",1125315,"acetaminophen","n_missing_dose_unit_source_value",12,86,11,0,12,1,FALSE
"mock",40162522,"acetaminophen 325 MG Oral Tablet",1125315,"acetaminophen","n_missing_drug_exposure_id",18,86,15,18,0,0,FALSE
"mock",40162522,"acetaminophen 325 MG Oral Tablet",1125315,"acetaminophen","n_missing_person_id",18,86,15,18,0,0,FALSE
"mock",40162522,"acetaminophen 325 MG Oral Tablet",1125315,"acetaminophen","n_missing_drug_concept_id",18,86,15,18,0,0,FALSE
"mock",40162522,"acetaminophen 325 MG Oral Tablet",1125315,"acetaminophen","n_missing_drug_exposure_start_date",18,86,15,18,0,0,FALSE
"mock",40162522,"acetaminophen 325 MG Oral Tablet",1125315,"acetaminophen","n_missing_drug_exposure_end_date",18,86,15,18,0,0,FALSE
"mock",40162522,"acetaminophen 325 MG Oral Tablet",1125315,"acetaminophen","n_missing_verbatim_end_date",18,86,15,18,0,0,FALSE
"mock",40162522,"acetaminophen 325 MG Oral Tablet",1125315,"acetaminophen","n_missing_drug_type_concept_id",18,86,15,18,0,0,FALSE
"mock",40162522,"acetaminophen 325 MG Oral Tablet",1125315,"acetaminophen","n_missing_quantity",18,86,15,18,0,0,FALSE
"mock",40162522,"acetaminophen 325 MG Oral Tablet",1125315,"acetaminophen","n_missing_days_supply",18,86,15,18,0,0,FALSE
"mock",40162522,"acetaminophen 325 MG Oral Tablet",1125315,"acetaminophen","n_missing_sig",18,86,15,18,0,0,FALSE
"mock",40162522,"acetaminophen 325 MG Oral Tablet",1125315,"acetaminophen","n_missing_route_concept_id",18,86,15,18,0,0,FALSE
"mock",40162522,"acetaminophen 325 MG Oral Tablet",1125315,"acetaminophen","n_missing_drug_source_value",18,86,15,18,0,0,FALSE
"mock",40162522,"acetaminophen 325 MG Oral Tablet",1125315,"acetaminophen","n_missing_drug_source_concept_id",18,86,15,18,0,0,FALSE
"mock",40162522,"acetaminophen 325 MG Oral Tablet",1125315,"acetaminophen","n_missing_route_source_value",18,86,15,0,18,1,FALSE
"mock",40162522,"acetaminophen 325 MG Oral Tablet",1125315,"acetaminophen","n_missing_dose_unit_source_value",18,86,15,0,18,1,FALSE
"mock",1127078,"acetaminophen 750 MG / Hydrocodone Bitartrate",1125315,"acetaminophen","n_missing_drug_exposure_id",19,86,13,19,0,0,FALSE
"mock",1127078,"acetaminophen 750 MG / Hydrocodone Bitartrate",1125315,"acetaminophen","n_missing_person_id",19,86,13,19,0,0,FALSE
"mock",1127078,"acetaminophen 750 MG / Hydrocodone Bitartrate",1125315,"acetaminophen","n_missing_drug_concept_id",19,86,13,19,0,0,FALSE
"mock",1127078,"acetaminophen 750 MG / Hydrocodone Bitartrate",1125315,"acetaminophen","n_missing_drug_exposure_start_date",19,86,13,19,0,0,FALSE
"mock",1127078,"acetaminophen 750 MG / Hydrocodone Bitartrate",1125315,"acetaminophen","n_missing_drug_exposure_end_date",19,86,13,19,0,0,FALSE
"mock",1127078,"acetaminophen 750 MG / Hydrocodone Bitartrate",1125315,"acetaminophen","n_missing_verbatim_end_date",19,86,13,19,0,0,FALSE
"mock",1127078,"acetaminophen 750 MG / Hydrocodone Bitartrate",1125315,"acetaminophen","n_missing_drug_type_concept_id",19,86,13,19,0,0,FALSE
"mock",1127078,"acetaminophen 750 MG / Hydrocodone Bitartrate",1125315,"acetaminophen","n_missing_quantity",19,86,13,19,0,0,FALSE
"mock",1127078,"acetaminophen 750 MG / Hydrocodone Bitartrate",1125315,"acetaminophen","n_missing_days_supply",19,86,13,19,0,0,FALSE
"mock",1127078,"acetaminophen 750 MG / Hydrocodone Bitartrate",1125315,"acetaminophen","n_missing_sig",19,86,13,19,0,0,FALSE
"mock",1127078,"acetaminophen 750 MG / Hydrocodone Bitartrate",1125315,"acetaminophen","n_missing_route_concept_id",19,86,13,19,0,0,FALSE
"mock",1127078,"acetaminophen 750 MG / Hydrocodone Bitartrate",1125315,"acetaminophen","n_missing_drug_source_value",19,86,13,19,0,0,FALSE
"mock",1127078,"acetaminophen 750 MG / Hydrocodone Bitartrate",1125315,"acetaminophen","n_missing_drug_source_concept_id",19,86,13,19,0,0,FALSE
"mock",1127078,"acetaminophen 750 MG / Hydrocodone Bitartrate",1125315,"acetaminophen","n_missing_route_source_value",19,86,13,0,19,1,FALSE
"mock",1127078,"acetaminophen 750 MG / Hydrocodone Bitartrate",1125315,"acetaminophen","n_missing_dose_unit_source_value",19,86,13,0,19,1,FALSE
"mock",40231925,"acetaminophen 325 MG / Hydrocodone Bitartrate",1125315,"acetaminophen","n_missing_drug_exposure_id",10,86,9,10,0,0,FALSE
"mock",40231925,"acetaminophen 325 MG / Hydrocodone Bitartrate",1125315,"acetaminophen","n_missing_person_id",10,86,9,10,0,0,FALSE
"mock",40231925,"acetaminophen 325 MG / Hydrocodone Bitartrate",1125315,"acetaminophen","n_missing_drug_concept_id",10,86,9,10,0,0,FALSE
"mock",40231925,"acetaminophen 325 MG / Hydrocodone Bitartrate",1125315,"acetaminophen","n_missing_drug_exposure_start_date",10,86,9,10,0,0,FALSE
"mock",40231925,"acetaminophen 325 MG / Hydrocodone Bitartrate",1125315,"acetaminophen","n_missing_drug_exposure_end_date",10,86,9,10,0,0,FALSE
"mock",40231925,"acetaminophen 325 MG / Hydrocodone Bitartrate",1125315,"acetaminophen","n_missing_verbatim_end_date",10,86,9,10,0,0,FALSE
"mock",40231925,"acetaminophen 325 MG / Hydrocodone Bitartrate",1125315,"acetaminophen","n_missing_drug_type_concept_id",10,86,9,10,0,0,FALSE
"mock",40231925,"acetaminophen 325 MG / Hydrocodone Bitartrate",1125315,"acetaminophen","n_missing_quantity",10,86,9,10,0,0,FALSE
"mock",40231925,"acetaminophen 325 MG / Hydrocodone Bitartrate",1125315,"acetaminophen","n_missing_days_supply",10,86,9,10,0,0,FALSE
"mock",40231925,"acetaminophen 325 MG / Hydrocodone Bitartrate",1125315,"acetaminophen","n_missing_sig",10,86,9,10,0,0,FALSE
"mock",40231925,"acetaminophen 325 MG / Hydrocodone Bitartrate",1125315,"acetaminophen","n_missing_route_concept_id",10,86,9,10,0,0,FALSE
"mock",40231925,"acetaminophen 325 MG / Hydrocodone Bitartrate",1125315,"acetaminophen","n_missing_drug_source_value",10,86,9,10,0,0,FALSE
"mock",40231925,"acetaminophen 325 MG / Hydrocodone Bitartrate",1125315,"acetaminophen","n_missing_drug_source_concept_id",10,86,9,10,0,0,FALSE
"mock",40231925,"acetaminophen 325 MG / Hydrocodone Bitartrate",1125315,"acetaminophen","n_missing_route_source_value",10,86,9,0,10,1,FALSE
"mock",40231925,"acetaminophen 325 MG / Hydrocodone Bitartrate",1125315,"acetaminophen","n_missing_dose_unit_source_value",10,86,9,0,10,1,FALSE
"mock",19133768,"acetaminophen 160 MG Oral Tablet",1125315,"acetaminophen","n_missing_drug_exposure_id",14,86,13,14,0,0,FALSE
"mock",19133768,"acetaminophen 160 MG Oral Tablet",1125315,"acetaminophen","n_missing_person_id",14,86,13,14,0,0,FALSE
"mock",19133768,"acetaminophen 160 MG Oral Tablet",1125315,"acetaminophen","n_missing_drug_concept_id",14,86,13,14,0,0,FALSE
"mock",19133768,"acetaminophen 160 MG Oral Tablet",1125315,"acetaminophen","n_missing_drug_exposure_start_date",14,86,13,14,0,0,FALSE
"mock",19133768,"acetaminophen 160 MG Oral Tablet",1125315,"acetaminophen","n_missing_drug_exposure_end_date",14,86,13,14,0,0,FALSE
"mock",19133768,"acetaminophen 160 MG Oral Tablet",1125315,"acetaminophen","n_missing_verbatim_end_date",14,86,13,14,0,0,FALSE
"mock",19133768,"acetaminophen 160 MG Oral Tablet",1125315,"acetaminophen","n_missing_drug_type_concept_id",14,86,13,14,0,0,FALSE
"mock",19133768,"acetaminophen 160 MG Oral Tablet",1125315,"acetaminophen","n_missing_quantity",14,86,13,14,0,0,FALSE
"mock",19133768,"acetaminophen 160 MG Oral Tablet",1125315,"acetaminophen","n_missing_days_supply",14,86,13,14,0,0,FALSE
"mock",19133768,"acetaminophen 160 MG Oral Tablet",1125315,"acetaminophen","n_missing_sig",14,86,13,14,0,0,FALSE
"mock",19133768,"acetaminophen 160 MG Oral Tablet",1125315,"acetaminophen","n_missing_route_concept_id",14,86,13,14,0,0,FALSE
"mock",19133768,"acetaminophen 160 MG Oral Tablet",1125315,"acetaminophen","n_missing_drug_source_value",14,86,13,14,0,0,FALSE
"mock",19133768,"acetaminophen 160 MG Oral Tablet",1125315,"acetaminophen","n_missing_drug_source_concept_id",14,86,13,14,0,0,FALSE
"mock",19133768,"acetaminophen 160 MG Oral Tablet",1125315,"acetaminophen","n_missing_route_source_value",14,86,13,0,14,1,FALSE
"mock",19133768,"acetaminophen 160 MG Oral Tablet",1125315,"acetaminophen","n_missing_dose_unit_source_value",14,86,13,0,14,1,FALSE
