"database_id","result_id","cdm_name","group_name","group_level","strata_name","strata_level","variable_name","variable_level","estimate_name","estimate_type","estimate_value","additional_name","additional_level","pattern_name","ingredient","ingredient_concept_id"
"mock",1,"DrugExposureMock","ingredient_name","acetaminophen","overall","overall","number records",NA,"count","integer","86","overall","overall","overall","acetaminophen",1125315
"mock",1,"DrugExposureMock","ingredient_name","acetaminophen","overall","overall","daily_dose",NA,"count_missing","integer","0","overall","overall","overall","acetaminophen",1125315
"mock",1,"DrugExposureMock","ingredient_name","acetaminophen","overall","overall","daily_dose",NA,"percentage_missing","percentage","0","overall","overall","overall","acetaminophen",1125315
"mock",1,"DrugExposureMock","ingredient_name","acetaminophen","overall","overall","daily_dose",NA,"mean","numeric","162.421865024289","overall","overall","overall","acetaminophen",1125315
"mock",1,"DrugExposureMock","ingredient_name","acetaminophen","overall","overall","daily_dose",NA,"sd","numeric","399.16793431554","overall","overall","overall","acetaminophen",1125315
"mock",1,"DrugExposureMock","ingredient_name","acetaminophen","overall","overall","daily_dose",NA,"min","numeric","0.206896551724138","overall","overall","overall","acetaminophen",1125315
"mock",1,"DrugExposureMock","ingredient_name","acetaminophen","overall","overall","daily_dose",NA,"q05","numeric","0.46127755794234","overall","overall","overall","acetaminophen",1125315
"mock",1,"DrugExposureMock","ingredient_name","acetaminophen","overall","overall","daily_dose",NA,"q25","numeric","8.19672131147541","overall","overall","overall","acetaminophen",1125315
"mock",1,"DrugExposureMock","ingredient_name","acetaminophen","overall","overall","daily_dose",NA,"median","numeric","22","overall","overall","overall","acetaminophen",1125315
"mock",1,"DrugExposureMock","ingredient_name","acetaminophen","overall","overall","daily_dose",NA,"q75","numeric","93.75","overall","overall","overall","acetaminophen",1125315
"mock",1,"DrugExposureMock","ingredient_name","acetaminophen","overall","overall","daily_dose",NA,"q95","numeric","975","overall","overall","overall","acetaminophen",1125315
"mock",1,"DrugExposureMock","ingredient_name","acetaminophen","overall","overall","daily_dose",NA,"max","numeric","2700","overall","overall","overall","acetaminophen",1125315
"mock",1,"DrugExposureMock","ingredient_name","acetaminophen","unit","milligram","number records",NA,"count","integer","76","overall","overall","milligram","acetaminophen",1125315
"mock",1,"DrugExposureMock","ingredient_name","acetaminophen","unit","milliliter","number records",NA,"count","integer","10","overall","overall","milliliter","acetaminophen",1125315
"mock",1,"DrugExposureMock","ingredient_name","acetaminophen","unit","milligram","daily_dose",NA,"count_missing","integer","0","overall","overall","milligram","acetaminophen",1125315
"mock",1,"DrugExposureMock","ingredient_name","acetaminophen","unit","milliliter","daily_dose",NA,"count_missing","integer","0","overall","overall","milliliter","acetaminophen",1125315
"mock",1,"DrugExposureMock","ingredient_name","acetaminophen","unit","milligram","daily_dose",NA,"percentage_missing","percentage","0","overall","overall","milligram","acetaminophen",1125315
"mock",1,"DrugExposureMock","ingredient_name","acetaminophen","unit","milliliter","daily_dose",NA,"percentage_missing","percentage","0","overall","overall","milliliter","acetaminophen",1125315
"mock",1,"DrugExposureMock","ingredient_name","acetaminophen","unit","milligram","daily_dose",NA,"mean","numeric","183.393394892744","overall","overall","milligram","acetaminophen",1125315
"mock",1,"DrugExposureMock","ingredient_name","acetaminophen","unit","milliliter","daily_dose",NA,"mean","numeric","3.03823802403399","overall","overall","milliliter","acetaminophen",1125315
"mock",1,"DrugExposureMock","ingredient_name","acetaminophen","unit","milligram","daily_dose",NA,"sd","numeric","420.405040995115","overall","overall","milligram","acetaminophen",1125315
"mock",1,"DrugExposureMock","ingredient_name","acetaminophen","unit","milliliter","daily_dose",NA,"sd","numeric","7.39297136389252","overall","overall","milliliter","acetaminophen",1125315
"mock",1,"DrugExposureMock","ingredient_name","acetaminophen","unit","milligram","daily_dose",NA,"min","numeric","1.0989010989011","overall","overall","milligram","acetaminophen",1125315
"mock",1,"DrugExposureMock","ingredient_name","acetaminophen","unit","milliliter","daily_dose",NA,"min","numeric","0.206896551724138","overall","overall","milliliter","acetaminophen",1125315
"mock",1,"DrugExposureMock","ingredient_name","acetaminophen","unit","milligram","daily_dose",NA,"q05","numeric","3.2967032967033","overall","overall","milligram","acetaminophen",1125315
"mock",1,"DrugExposureMock","ingredient_name","acetaminophen","unit","milliliter","daily_dose",NA,"q05","numeric","0.244438264738598","overall","overall","milliliter","acetaminophen",1125315
"mock",1,"DrugExposureMock","ingredient_name","acetaminophen","unit","milligram","daily_dose",NA,"q25","numeric","13.1147540983607","overall","overall","milligram","acetaminophen",1125315
"mock",1,"DrugExposureMock","ingredient_name","acetaminophen","unit","milliliter","daily_dose",NA,"q25","numeric","0.318824194460147","overall","overall","milliliter","acetaminophen",1125315
"mock",1,"DrugExposureMock","ingredient_name","acetaminophen","unit","milligram","daily_dose",NA,"median","numeric","26.5201465201465","overall","overall","milligram","acetaminophen",1125315
"mock",1,"DrugExposureMock","ingredient_name","acetaminophen","unit","milliliter","daily_dose",NA,"median","numeric","0.479932165065008","overall","overall","milliliter","acetaminophen",1125315
"mock",1,"DrugExposureMock","ingredient_name","acetaminophen","unit","milligram","daily_dose",NA,"q75","numeric","123.295454545455","overall","overall","milligram","acetaminophen",1125315
"mock",1,"DrugExposureMock","ingredient_name","acetaminophen","unit","milliliter","daily_dose",NA,"q75","numeric","1.2051724137931","overall","overall","milliliter","acetaminophen",1125315
"mock",1,"DrugExposureMock","ingredient_name","acetaminophen","unit","milligram","daily_dose",NA,"q95","numeric","1000","overall","overall","milligram","acetaminophen",1125315
"mock",1,"DrugExposureMock","ingredient_name","acetaminophen","unit","milliliter","daily_dose",NA,"q95","numeric","14.2125","overall","overall","milliliter","acetaminophen",1125315
"mock",1,"DrugExposureMock","ingredient_name","acetaminophen","unit","milligram","daily_dose",NA,"max","numeric","2700","overall","overall","milligram","acetaminophen",1125315
"mock",1,"DrugExposureMock","ingredient_name","acetaminophen","unit","milliliter","daily_dose",NA,"max","numeric","24","overall","overall","milliliter","acetaminophen",1125315
"mock",1,"DrugExposureMock","ingredient_name","acetaminophen","route &&& unit","oral &&& milligram","number records",NA,"count","integer","76","overall","overall","oral  milligram","acetaminophen",1125315
"mock",1,"DrugExposureMock","ingredient_name","acetaminophen","route &&& unit","oral &&& milliliter","number records",NA,"count","integer","10","overall","overall","oral  milliliter","acetaminophen",1125315
"mock",1,"DrugExposureMock","ingredient_name","acetaminophen","route &&& unit","oral &&& milligram","daily_dose",NA,"count_missing","integer","0","overall","overall","oral  milligram","acetaminophen",1125315
"mock",1,"DrugExposureMock","ingredient_name","acetaminophen","route &&& unit","oral &&& milliliter","daily_dose",NA,"count_missing","integer","0","overall","overall","oral  milliliter","acetaminophen",1125315
"mock",1,"DrugExposureMock","ingredient_name","acetaminophen","route &&& unit","oral &&& milligram","daily_dose",NA,"percentage_missing","percentage","0","overall","overall","oral  milligram","acetaminophen",1125315
"mock",1,"DrugExposureMock","ingredient_name","acetaminophen","route &&& unit","oral &&& milliliter","daily_dose",NA,"percentage_missing","percentage","0","overall","overall","oral  milliliter","acetaminophen",1125315
"mock",1,"DrugExposureMock","ingredient_name","acetaminophen","route &&& unit","oral &&& milligram","daily_dose",NA,"mean","numeric","183.393394892744","overall","overall","oral  milligram","acetaminophen",1125315
"mock",1,"DrugExposureMock","ingredient_name","acetaminophen","route &&& unit","oral &&& milliliter","daily_dose",NA,"mean","numeric","3.03823802403399","overall","overall","oral  milliliter","acetaminophen",1125315
"mock",1,"DrugExposureMock","ingredient_name","acetaminophen","route &&& unit","oral &&& milligram","daily_dose",NA,"sd","numeric","420.405040995115","overall","overall","oral  milligram","acetaminophen",1125315
"mock",1,"DrugExposureMock","ingredient_name","acetaminophen","route &&& unit","oral &&& milliliter","daily_dose",NA,"sd","numeric","7.39297136389252","overall","overall","oral  milliliter","acetaminophen",1125315
"mock",1,"DrugExposureMock","ingredient_name","acetaminophen","route &&& unit","oral &&& milligram","daily_dose",NA,"min","numeric","1.0989010989011","overall","overall","oral  milligram","acetaminophen",1125315
"mock",1,"DrugExposureMock","ingredient_name","acetaminophen","route &&& unit","oral &&& milliliter","daily_dose",NA,"min","numeric","0.206896551724138","overall","overall","oral  milliliter","acetaminophen",1125315
"mock",1,"DrugExposureMock","ingredient_name","acetaminophen","route &&& unit","oral &&& milligram","daily_dose",NA,"q05","numeric","3.2967032967033","overall","overall","oral  milligram","acetaminophen",1125315
"mock",1,"DrugExposureMock","ingredient_name","acetaminophen","route &&& unit","oral &&& milliliter","daily_dose",NA,"q05","numeric","0.244438264738598","overall","overall","oral  milliliter","acetaminophen",1125315
"mock",1,"DrugExposureMock","ingredient_name","acetaminophen","route &&& unit","oral &&& milligram","daily_dose",NA,"q25","numeric","13.1147540983607","overall","overall","oral  milligram","acetaminophen",1125315
"mock",1,"DrugExposureMock","ingredient_name","acetaminophen","route &&& unit","oral &&& milliliter","daily_dose",NA,"q25","numeric","0.318824194460147","overall","overall","oral  milliliter","acetaminophen",1125315
"mock",1,"DrugExposureMock","ingredient_name","acetaminophen","route &&& unit","oral &&& milligram","daily_dose",NA,"median","numeric","26.5201465201465","overall","overall","oral  milligram","acetaminophen",1125315
"mock",1,"DrugExposureMock","ingredient_name","acetaminophen","route &&& unit","oral &&& milliliter","daily_dose",NA,"median","numeric","0.479932165065008","overall","overall","oral  milliliter","acetaminophen",1125315
"mock",1,"DrugExposureMock","ingredient_name","acetaminophen","route &&& unit","oral &&& milligram","daily_dose",NA,"q75","numeric","123.295454545455","overall","overall","oral  milligram","acetaminophen",1125315
"mock",1,"DrugExposureMock","ingredient_name","acetaminophen","route &&& unit","oral &&& milliliter","daily_dose",NA,"q75","numeric","1.2051724137931","overall","overall","oral  milliliter","acetaminophen",1125315
"mock",1,"DrugExposureMock","ingredient_name","acetaminophen","route &&& unit","oral &&& milligram","daily_dose",NA,"q95","numeric","1000","overall","overall","oral  milligram","acetaminophen",1125315
"mock",1,"DrugExposureMock","ingredient_name","acetaminophen","route &&& unit","oral &&& milliliter","daily_dose",NA,"q95","numeric","14.2125","overall","overall","oral  milliliter","acetaminophen",1125315
"mock",1,"DrugExposureMock","ingredient_name","acetaminophen","route &&& unit","oral &&& milligram","daily_dose",NA,"max","numeric","2700","overall","overall","oral  milligram","acetaminophen",1125315
"mock",1,"DrugExposureMock","ingredient_name","acetaminophen","route &&& unit","oral &&& milliliter","daily_dose",NA,"max","numeric","24","overall","overall","oral  milliliter","acetaminophen",1125315
"mock",1,"DrugExposureMock","ingredient_name","acetaminophen","unit &&& route &&& pattern_id","milligram &&& oral &&& 9","number records",NA,"count","integer","76","overall","overall","milligram  oral   fixed_amount_milligram","acetaminophen",1125315
"mock",1,"DrugExposureMock","ingredient_name","acetaminophen","unit &&& route &&& pattern_id","milliliter &&& oral &&& 21","number records",NA,"count","integer","10","overall","overall","milliliter  oral   milliliter__milliliter","acetaminophen",1125315
"mock",1,"DrugExposureMock","ingredient_name","acetaminophen","unit &&& route &&& pattern_id","milligram &&& oral &&& 9","daily_dose",NA,"count_missing","integer","0","overall","overall","milligram  oral   fixed_amount_milligram","acetaminophen",1125315
"mock",1,"DrugExposureMock","ingredient_name","acetaminophen","unit &&& route &&& pattern_id","milliliter &&& oral &&& 21","daily_dose",NA,"count_missing","integer","0","overall","overall","milliliter  oral   milliliter__milliliter","acetaminophen",1125315
"mock",1,"DrugExposureMock","ingredient_name","acetaminophen","unit &&& route &&& pattern_id","milligram &&& oral &&& 9","daily_dose",NA,"percentage_missing","percentage","0","overall","overall","milligram  oral   fixed_amount_milligram","acetaminophen",1125315
"mock",1,"DrugExposureMock","ingredient_name","acetaminophen","unit &&& route &&& pattern_id","milliliter &&& oral &&& 21","daily_dose",NA,"percentage_missing","percentage","0","overall","overall","milliliter  oral   milliliter__milliliter","acetaminophen",1125315
"mock",1,"DrugExposureMock","ingredient_name","acetaminophen","unit &&& route &&& pattern_id","milligram &&& oral &&& 9","daily_dose",NA,"mean","numeric","183.393394892744","overall","overall","milligram  oral   fixed_amount_milligram","acetaminophen",1125315
"mock",1,"DrugExposureMock","ingredient_name","acetaminophen","unit &&& route &&& pattern_id","milliliter &&& oral &&& 21","daily_dose",NA,"mean","numeric","3.03823802403399","overall","overall","milliliter  oral   milliliter__milliliter","acetaminophen",1125315
"mock",1,"DrugExposureMock","ingredient_name","acetaminophen","unit &&& route &&& pattern_id","milligram &&& oral &&& 9","daily_dose",NA,"sd","numeric","420.405040995115","overall","overall","milligram  oral   fixed_amount_milligram","acetaminophen",1125315
"mock",1,"DrugExposureMock","ingredient_name","acetaminophen","unit &&& route &&& pattern_id","milliliter &&& oral &&& 21","daily_dose",NA,"sd","numeric","7.39297136389252","overall","overall","milliliter  oral   milliliter__milliliter","acetaminophen",1125315
"mock",1,"DrugExposureMock","ingredient_name","acetaminophen","unit &&& route &&& pattern_id","milligram &&& oral &&& 9","daily_dose",NA,"min","numeric","1.0989010989011","overall","overall","milligram  oral   fixed_amount_milligram","acetaminophen",1125315
"mock",1,"DrugExposureMock","ingredient_name","acetaminophen","unit &&& route &&& pattern_id","milliliter &&& oral &&& 21","daily_dose",NA,"min","numeric","0.206896551724138","overall","overall","milliliter  oral   milliliter__milliliter","acetaminophen",1125315
"mock",1,"DrugExposureMock","ingredient_name","acetaminophen","unit &&& route &&& pattern_id","milligram &&& oral &&& 9","daily_dose",NA,"q05","numeric","3.2967032967033","overall","overall","milligram  oral   fixed_amount_milligram","acetaminophen",1125315
"mock",1,"DrugExposureMock","ingredient_name","acetaminophen","unit &&& route &&& pattern_id","milliliter &&& oral &&& 21","daily_dose",NA,"q05","numeric","0.244438264738598","overall","overall","milliliter  oral   milliliter__milliliter","acetaminophen",1125315
"mock",1,"DrugExposureMock","ingredient_name","acetaminophen","unit &&& route &&& pattern_id","milligram &&& oral &&& 9","daily_dose",NA,"q25","numeric","13.1147540983607","overall","overall","milligram  oral   fixed_amount_milligram","acetaminophen",1125315
"mock",1,"DrugExposureMock","ingredient_name","acetaminophen","unit &&& route &&& pattern_id","milliliter &&& oral &&& 21","daily_dose",NA,"q25","numeric","0.318824194460147","overall","overall","milliliter  oral   milliliter__milliliter","acetaminophen",1125315
"mock",1,"DrugExposureMock","ingredient_name","acetaminophen","unit &&& route &&& pattern_id","milligram &&& oral &&& 9","daily_dose",NA,"median","numeric","26.5201465201465","overall","overall","milligram  oral   fixed_amount_milligram","acetaminophen",1125315
"mock",1,"DrugExposureMock","ingredient_name","acetaminophen","unit &&& route &&& pattern_id","milliliter &&& oral &&& 21","daily_dose",NA,"median","numeric","0.479932165065008","overall","overall","milliliter  oral   milliliter__milliliter","acetaminophen",1125315
"mock",1,"DrugExposureMock","ingredient_name","acetaminophen","unit &&& route &&& pattern_id","milligram &&& oral &&& 9","daily_dose",NA,"q75","numeric","123.295454545455","overall","overall","milligram  oral   fixed_amount_milligram","acetaminophen",1125315
"mock",1,"DrugExposureMock","ingredient_name","acetaminophen","unit &&& route &&& pattern_id","milliliter &&& oral &&& 21","daily_dose",NA,"q75","numeric","1.2051724137931","overall","overall","milliliter  oral   milliliter__milliliter","acetaminophen",1125315
"mock",1,"DrugExposureMock","ingredient_name","acetaminophen","unit &&& route &&& pattern_id","milligram &&& oral &&& 9","daily_dose",NA,"q95","numeric","1000","overall","overall","milligram  oral   fixed_amount_milligram","acetaminophen",1125315
"mock",1,"DrugExposureMock","ingredient_name","acetaminophen","unit &&& route &&& pattern_id","milliliter &&& oral &&& 21","daily_dose",NA,"q95","numeric","14.2125","overall","overall","milliliter  oral   milliliter__milliliter","acetaminophen",1125315
"mock",1,"DrugExposureMock","ingredient_name","acetaminophen","unit &&& route &&& pattern_id","milligram &&& oral &&& 9","daily_dose",NA,"max","numeric","2700","overall","overall","milligram  oral   fixed_amount_milligram","acetaminophen",1125315
"mock",1,"DrugExposureMock","ingredient_name","acetaminophen","unit &&& route &&& pattern_id","milliliter &&& oral &&& 21","daily_dose",NA,"max","numeric","24","overall","overall","milliliter  oral   milliliter__milliliter","acetaminophen",1125315
