"database_id","drug_concept_id","drug","ingredient_concept_id","ingredient","sig","n_records","n_sample","n_person","proportion_records","result_obscured"
"mock",1127433,"acetaminophen 325 MG / Oxycodone Hydrochloride",1125315,"acetaminophen","1 TO 2 TABLETS UP TO FOUR TIMES DAILY AS REQUIRED",4,10000,4,0.0909090909090909,FALSE
"mock",1127078,"acetaminophen 750 MG / Hydrocodone Bitartrate",1125315,"acetaminophen","1 TO 2 TABLETS UP TO FOUR TIMES DAILY AS REQUIRED",2,10000,2,0.0454545454545455,FALSE
"mock",40229134,"acetaminophen 21.7 MG/ML / Dextromethorphan",1125315,"acetaminophen","1 TO 2 TABLETS UP TO FOUR TIMES DAILY AS REQUIRED",2,10000,2,0.0454545454545455,FALSE
"mock",40231925,"acetaminophen 325 MG / Hydrocodone Bitartrate",1125315,"acetaminophen","1-2 TABLETS UP TO FOUR TIMES DAILY",1,10000,1,0.0227272727272727,FALSE
"mock",40231925,"acetaminophen 325 MG / Hydrocodone Bitartrate",1125315,"acetaminophen","TAKE 1 or 2 4 TIMES/DAY",1,10000,1,0.0227272727272727,FALSE
"mock",19133768,"acetaminophen 160 MG Oral Tablet",1125315,"acetaminophen","1-2 TABLETS UP TO FOUR TIMES DAILY",2,10000,2,0.0454545454545455,FALSE
"mock",19133768,"acetaminophen 160 MG Oral Tablet",1125315,"acetaminophen","TAKE 1 or 2 4 TIMES/DAY",4,10000,4,0.0909090909090909,FALSE
"mock",40162522,"acetaminophen 325 MG Oral Tablet",1125315,"acetaminophen","1 TO 2 TABLETS UP TO FOUR TIMES DAILY AS REQUIRED",4,10000,3,0.0909090909090909,FALSE
"mock",1127433,"acetaminophen 325 MG / Oxycodone Hydrochloride",1125315,"acetaminophen","TAKE 1 or 2 4 TIMES/DAY",3,10000,3,0.0681818181818182,FALSE
"mock",1127078,"acetaminophen 750 MG / Hydrocodone Bitartrate",1125315,"acetaminophen","1-2 TABLETS UP TO FOUR TIMES DAILY",4,10000,4,0.0909090909090909,FALSE
"mock",1127078,"acetaminophen 750 MG / Hydrocodone Bitartrate",1125315,"acetaminophen","TAKE 1 or 2 4 TIMES/DAY",2,10000,2,0.0454545454545455,FALSE
"mock",1127433,"acetaminophen 325 MG / Oxycodone Hydrochloride",1125315,"acetaminophen","1-2 TABLETS UP TO FOUR TIMES DAILY",1,10000,1,0.0227272727272727,FALSE
"mock",40229134,"acetaminophen 21.7 MG/ML / Dextromethorphan",1125315,"acetaminophen","1-2 TABLETS UP TO FOUR TIMES DAILY",3,10000,3,0.0681818181818182,FALSE
"mock",40229134,"acetaminophen 21.7 MG/ML / Dextromethorphan",1125315,"acetaminophen","TAKE 1 or 2 4 TIMES/DAY",1,10000,1,0.0227272727272727,FALSE
"mock",19133768,"acetaminophen 160 MG Oral Tablet",1125315,"acetaminophen","1 TO 2 TABLETS UP TO FOUR TIMES DAILY AS REQUIRED",2,10000,2,0.0454545454545455,FALSE
"mock",40162522,"acetaminophen 325 MG Oral Tablet",1125315,"acetaminophen","1-2 TABLETS UP TO FOUR TIMES DAILY",3,10000,3,0.0681818181818182,FALSE
"mock",40162522,"acetaminophen 325 MG Oral Tablet",1125315,"acetaminophen","TAKE 1 or 2 4 TIMES/DAY",5,10000,5,0.113636363636364,FALSE
