"database_id","ingredient_concept_id","ingredient","drug_concept_id","drug","drug_source_concept_id","drug_source","drug_source_value","n_records","n_sample","n_person","proportion_records","result_obscured"
"mock",1125315,"acetaminophen",40162522,"acetaminophen 325 MG Oral Tablet",40162522,"acetaminophen 325 MG Oral Tablet","1043400",3,10000,3,0.0681818181818182,FALSE
"mock",1125315,"acetaminophen",19133768,"acetaminophen 160 MG Oral Tablet",19133768,"acetaminophen 160 MG Oral Tablet","313782",3,10000,3,0.0681818181818182,FALSE
"mock",1125315,"acetaminophen",1127433,"acetaminophen 325 MG / Oxycodone Hydrochloride",1127433,"acetaminophen 325 MG / Oxycodone Hydrochloride","1043400",2,10000,2,0.0454545454545455,FALSE
"mock",1125315,"acetaminophen",40229134,"acetaminophen 21.7 MG/ML / Dextromethorphan",40229134,"acetaminophen 21.7 MG/ML / Dextromethorphan","313782",1,10000,1,0.0227272727272727,FALSE
"mock",1125315,"acetaminophen",40162522,"acetaminophen 325 MG Oral Tablet",40162522,"acetaminophen 325 MG Oral Tablet","282464",2,10000,2,0.0454545454545455,FALSE
"mock",1125315,"acetaminophen",40231925,"acetaminophen 325 MG / Hydrocodone Bitartrate",40231925,"acetaminophen 325 MG / Hydrocodone Bitartrate","282464",2,10000,2,0.0454545454545455,FALSE
"mock",1125315,"acetaminophen",40162522,"acetaminophen 325 MG Oral Tablet",40162522,"acetaminophen 325 MG Oral Tablet","857005",2,10000,2,0.0454545454545455,FALSE
"mock",1125315,"acetaminophen",1127433,"acetaminophen 325 MG / Oxycodone Hydrochloride",1127433,"acetaminophen 325 MG / Oxycodone Hydrochloride","282464",1,10000,1,0.0227272727272727,FALSE
"mock",1125315,"acetaminophen",1127433,"acetaminophen 325 MG / Oxycodone Hydrochloride",1127433,"acetaminophen 325 MG / Oxycodone Hydrochloride","857005",4,10000,3,0.0909090909090909,FALSE
"mock",1125315,"acetaminophen",19133768,"acetaminophen 160 MG Oral Tablet",19133768,"acetaminophen 160 MG Oral Tablet","857005",3,10000,3,0.0681818181818182,FALSE
"mock",1125315,"acetaminophen",1127078,"acetaminophen 750 MG / Hydrocodone Bitartrate",1127078,"acetaminophen 750 MG / Hydrocodone Bitartrate","1043400",1,10000,1,0.0227272727272727,FALSE
"mock",1125315,"acetaminophen",19133768,"acetaminophen 160 MG Oral Tablet",19133768,"acetaminophen 160 MG Oral Tablet","282464",1,10000,1,0.0227272727272727,FALSE
"mock",1125315,"acetaminophen",19133768,"acetaminophen 160 MG Oral Tablet",19133768,"acetaminophen 160 MG Oral Tablet","1043400",1,10000,1,0.0227272727272727,FALSE
"mock",1125315,"acetaminophen",1127433,"acetaminophen 325 MG / Oxycodone Hydrochloride",1127433,"acetaminophen 325 MG / Oxycodone Hydrochloride","313782",1,10000,1,0.0227272727272727,FALSE
"mock",1125315,"acetaminophen",1127078,"acetaminophen 750 MG / Hydrocodone Bitartrate",1127078,"acetaminophen 750 MG / Hydrocodone Bitartrate","282464",5,10000,5,0.113636363636364,FALSE
"mock",1125315,"acetaminophen",1127078,"acetaminophen 750 MG / Hydrocodone Bitartrate",1127078,"acetaminophen 750 MG / Hydrocodone Bitartrate","857005",2,10000,2,0.0454545454545455,FALSE
"mock",1125315,"acetaminophen",40162522,"acetaminophen 325 MG Oral Tablet",40162522,"acetaminophen 325 MG Oral Tablet","313782",5,10000,4,0.113636363636364,FALSE
"mock",1125315,"acetaminophen",40229134,"acetaminophen 21.7 MG/ML / Dextromethorphan",40229134,"acetaminophen 21.7 MG/ML / Dextromethorphan","282464",1,10000,1,0.0227272727272727,FALSE
"mock",1125315,"acetaminophen",40229134,"acetaminophen 21.7 MG/ML / Dextromethorphan",40229134,"acetaminophen 21.7 MG/ML / Dextromethorphan","857005",4,10000,4,0.0909090909090909,FALSE
