"database_id","drug_concept_id","drug","ingredient_concept_id","ingredient","minimum_verbatim_end_date","maximum_verbatim_end_date","n_records","n_sample","n_person","n_missing_verbatim_end_date","n_not_missing_verbatim_end_date","n_verbatim_end_date_equal_to_drug_exposure_end_date","n_verbatim_end_date_and_drug_exposure_end_date_differ","proportion_missing_verbatim_end_date","proportion_not_missing_verbatim_end_date","proportion_verbatim_end_date_equal_to_drug_exposure_end_date","proportion_verbatim_end_date_and_drug_exposure_end_date_differ","result_obscured"
"mock",19133768,"acetaminophen 160 MG Oral Tablet",1125315,"acetaminophen",14663,17835,8,10000,8,0,8,8,0,0,0.181818181818182,0.181818181818182,0,FALSE
"mock",40229134,"acetaminophen 21.7 MG/ML / Dextromethorphan",1125315,"acetaminophen",15188,18172,6,10000,6,0,6,6,0,0,0.136363636363636,0.136363636363636,0,FALSE
"mock",1127433,"acetaminophen 325 MG / Oxycodone Hydrochloride",1125315,"acetaminophen",14842,18147,8,10000,6,0,8,8,0,0,0.181818181818182,0.181818181818182,0,FALSE
"mock",40231925,"acetaminophen 325 MG / Hydrocodone Bitartrate",1125315,"acetaminophen",14928,15048,2,10000,2,0,2,2,0,0,0.0454545454545455,0.0454545454545455,0,FALSE
"mock",40162522,"acetaminophen 325 MG Oral Tablet",1125315,"acetaminophen",14746,17903,12,10000,10,0,12,12,0,0,0.272727272727273,0.272727272727273,0,FALSE
"mock",1127078,"acetaminophen 750 MG / Hydrocodone Bitartrate",1125315,"acetaminophen",15052,18311,8,10000,8,0,8,8,0,0,0.181818181818182,0.181818181818182,0,FALSE
