"database_id","drug_concept_id","drug","ingredient_concept_id","ingredient","n_records","n_sample","n_person","minimum_drug_exposure_days_supply","q05_drug_exposure_days_supply","q10_drug_exposure_days_supply","q25_drug_exposure_days_supply","median_drug_exposure_days_supply","q75_drug_exposure_days_supply","q90_drug_exposure_days_supply","q95_drug_exposure_days_supply","maximum_drug_exposure_days_supply","n_different_days_supply_and_drug_dates","n_days_supply_match_drug_dates","n_missing_days_supply","proportion_different_days_supply_and_drug_dates","proportion_days_supply_match_drug_dates","proportion_missing_days_supply","result_obscured"
"mock",1127078,"acetaminophen 750 MG / Hydrocodone Bitartrate",1125315,"acetaminophen",8,10000,8,0,0,0,0,7,37.5,60,60,60,0,8,0,0,1,0,FALSE
"mock",1127433,"acetaminophen 325 MG / Oxycodone Hydrochloride",1125315,"acetaminophen",8,10000,6,0,2.45,4.9,7,28,37.5,69,79.5,90,0,8,0,0,1,0,FALSE
"mock",19133768,"acetaminophen 160 MG Oral Tablet",1125315,"acetaminophen",8,10000,8,0,2.45,4.9,7,14,28,46.6,68.3,90,0,8,0,0,1,0,FALSE
"mock",40162522,"acetaminophen 325 MG Oral Tablet",1125315,"acetaminophen",12,10000,10,0,0,0,5.25,28,60,87,90,90,0,12,0,0,1,0,FALSE
"mock",40229134,"acetaminophen 21.7 MG/ML / Dextromethorphan",1125315,"acetaminophen",6,10000,6,0,1.75,3.5,7,7,7,33.5,46.75,60,0,6,0,0,1,0,FALSE
"mock",40231925,"acetaminophen 325 MG / Hydrocodone Bitartrate",1125315,"acetaminophen",2,10000,2,14,16.3,18.6,25.5,37,48.5,55.4,57.7,60,0,2,0,0,1,0,FALSE
